Brand,Model,Selling_Price,Year,Owner,KM_Driven
TVS,TVS XL 100,30000,2017,1st owner,8000
Bajaj,Bajaj  ct 100,18000,2017,1st owner,35000
Yo,Yo Style,20000,2011,1st owner,10000
Bajaj,Bajaj Discover 100,25000,2010,1st owner,43000
Bajaj,Bajaj Discover 100,24999,2012,2nd owner,35000
Bajaj,Bajaj Discover 100,20000,2012,1st owner,85000
Bajaj,Bajaj Discover 100,30000,2011,1st owner,45000
Bajaj,Bajaj Discover 100,25000,2010,2nd owner,28000
Bajaj,Bajaj Discover 100,28000,2015,2nd owner,52000
Bajaj,Bajaj Discover 100,22000,2014,1st owner,14289
Bajaj,Bajaj Discover 100,24000,2014,1st owner,31000
Bajaj,Bajaj Discover 100,21000,2009,1st owner,50000
Bajaj,Bajaj Discover 100,23000,2012,1st owner,50000
TVS,TVS Scooty Streak,18000,2009,2nd owner,33595
Honda,Honda Navi [2016-2017],26000,2016,1st owner,17450
Honda,Honda Navi [2016-2017],42000,2017,1st owner,24000
Honda,Honda Navi [2016-2017],23000,2016,1st owner,17450
Mahindra,Mahindra Flyte,22000,2009,3rd owner,20000
Bajaj,Bajaj Discover 100 M,20000,2011,1st owner,37734
Bajaj,Bajaj Discover 100 M,32000,2014,1st owner,30000
Hero,Hero Splendor NXG,18000,2011,1st owner,35000
TVS,TVS Star City,15000,2006,1st owner,40000
Hero,Hero Pleasure [2005-2015],30000,2013,1st owner,25000
Bajaj,Bajaj Discover 100,27000,2015,1st owner,21000
Bajaj,Bajaj Discover 100 T,25000,2013,1st owner,26000
Bajaj,Bajaj Discover 100 T,18000,2013,1st owner,45000
Bajaj,Bajaj Discover 100 T,25000,2014,1st owner,30000
Bajaj,Bajaj Discover 100 T,20000,2013,1st owner,20000
TVS,TVS Star City,21000,2011,1st owner,101000
TVS,TVS Star City,25000,2016,1st owner,50000
Bajaj,Bajaj Discover 125 M,45000,2014,1st owner,40000
Honda,Honda Navi,28000,2016,2nd owner,10000
Mahindra,Mahindra Rodeo,20000,2013,1st owner,7000
Hero,Hero Splender Plus,30000,2018,1st owner,50000
Bajaj,Bajaj Discover 125 M,30000,2014,1st owner,45000
Honda,Honda CB Twister,70000,2014,1st owner,12566
Honda,Honda Dream Neo,45000,2017,2nd owner,21000
Honda,Honda Dream Neo,50000,2014,1st owner,25000
Hero,Hero Maestro,25000,2015,2nd owner,40000
Hero,Hero Maestro,30000,2013,1st owner,60000
Hero,Hero Maestro,50000,2016,1st owner,100000
Yamaha,Yamaha Saluto RX,40000,2017,1st owner,27000
Hero,Hero Pleasure,26500,2013,1st owner,18860
Hero,Hero Pleasure,20000,2012,2nd owner,30000
Hero,Hero Pleasure,30000,2013,1st owner,25000
Hero,Hero Splendor PRO,28000,2015,1st owner,38000
Hero,Hero Splendor PRO,35000,2015,2nd owner,24000
Suzuki,Suzuki Let''s,34000,2014,1st owner,8000
Honda,Honda Activa [2000-2015],22989,2012,1st owner,500000
Honda,Honda Activa [2000-2015],30000,2014,1st owner,52000
Honda,Honda Activa [2000-2015],25000,2014,1st owner,41000
Honda,Honda Activa [2000-2015],20000,2010,1st owner,50000
Honda,Honda Activa [2000-2015],35000,2014,1st owner,10000
Honda,Honda Activa [2000-2015],29500,2013,1st owner,45000
Honda,Honda Activa [2000-2015],10000,2009,1st owner,60000
Honda,Honda Activa [2000-2015],23000,2009,1st owner,95000
Honda,Honda Activa [2000-2015],25000,2009,1st owner,585659
Honda,Honda Activa [2000-2015],22000,2014,1st owner,38000
Honda,Honda Activa [2000-2015],25000,2012,1st owner,40000
Honda,Honda Activa [2000-2015],30000,2012,1st owner,22000
Honda,Honda Activa [2000-2015],35000,2013,1st owner,29500
Honda,Honda Activa [2000-2015],50000,2014,1st owner,48000
Honda,Honda Activa [2000-2015],15000,2006,1st owner,50000
Honda,Honda Activa [2000-2015],16600,2010,1st owner,100000
Honda,Honda Activa [2000-2015],25000,2012,1st owner,38000
Honda,Honda Activa [2000-2015],6000,2006,2nd owner,35000
Honda,Honda Activa [2000-2015],23000,2009,1st owner,95000
Honda,Honda Activa [2000-2015],25000,2015,1st owner,25000
Honda,Honda Activa [2000-2015],25000,2007,1st owner,17860
Honda,Honda Activa [2000-2015],35000,2012,1st owner,29000
Honda,Honda Activa [2000-2015],18000,2011,1st owner,28000
Hero,Hero Duet,45000,2017,1st owner,35000
Hero,Hero Duet,27000,2016,1st owner,28000
Hero,Hero Duet,37000,2016,1st owner,6000
Honda,Honda Activa 4G,48000,2019,1st owner,4300
Honda,Honda Activa 4G,45000,2019,1st owner,4000
Activa,Activa 4g,40000,2019,1st owner,1300
Hero,Hero Honda Passion Pro,30000,2014,1st owner,60000
Honda,Honda CB twister,25000,2015,1st owner,32000
Honda,Honda CB twister,16000,2012,1st owner,33000
Honda,Honda Activa i [2016-2017],30000,2015,2nd owner,20000
Mahindra,Mahindra Gusto,25000,2016,1st owner,13500
Mahindra,Mahindra Gusto,30000,2015,2nd owner,20000
Hero,Hero Pleasure,40000,2014,1st owner,14000
Hero,Hero Pleasure,30000,2013,1st owner,24000
Suzuki,Suzuki Swish [2012-2015],30000,2014,1st owner,30000
Hero,Hero Splendor PRO,35000,2015,2nd owner,24000
Hero,Hero Splendor PRO,40000,2016,1st owner,16000
Hero,Hero Splendor PRO,24000,2011,1st owner,43000
Hero,Hero Splendor PRO,35000,2015,1st owner,35280
TVS,TVS Sport ,48000,2019,1st owner,15000
TVS,TVS Jupyter,35000,2016,1st owner,19000
TVS,TVS Wego,25000,2012,1st owner,22000
Activa,Activa 3g,17000,2010,1st owner,500000
Hero,Hero Splendor iSmart,50000,2017,2nd owner,10000
Hero,Hero Splendor iSmart,40000,2015,1st owner,19055
Hero,Hero Splendor iSmart,40000,2015,1st owner,10000
TVS,TVS Scooty Zest 110,28000,2015,1st owner,32800
Bajaj,Bajaj Discover 110,15000,2007,1st owner,70000
Hero,Hero Maestro Edge,25000,2017,1st owner,55000
Hero,Hero Maestro Edge,55000,2018,1st owner,39000
Yamaha,Yamaha Ray Z,35000,2015,1st owner,15500
Yamaha,Yamaha Ray Z,75000,2017,1st owner,15000
Honda,Honda Activa 4G,45000,2018,1st owner,25000
Honda,Honda Dream Neo,42000,2014,1st owner,21000
Honda,Honda Activa i [2016-2017],40000,2017,1st owner,11000
Honda,Honda Activa i [2016-2017],35000,2016,1st owner,29000
TVS,TVS Scooty Zest 110,30000,2017,1st owner,9432
TVS,TVS Scooty Zest 110,55000,2018,1st owner,380
Hero,Hero Maestro,26500,2016,2nd owner,40000
Honda,Honda CB Twister,18000,2010,1st owner,60000
Honda,Honda CB Twister,30000,2013,1st owner,9000
Honda,Honda CB Twister,25000,2012,1st owner,86000
Honda,Honda Activa i,32000,2013,2nd owner,20696
Honda,Honda Activa i,30000,2014,1st owner,25000
Honda,Honda Dream Yuga ,48000,2019,1st owner,8600
Hero,Hero Splender iSmart,45000,2018,1st owner,14000
Activa,Activa 3g,45000,2018,1st owner,500
Hero,Hero Splender iSmart,40000,2017,1st owner,14000
Hero,Hero Duet,35000,2016,2nd owner,49637
Yamaha,Yamaha Alpha,25000,2015,2nd owner,14000
Bajaj,Bajaj Discover 150,25000,2014,2nd owner,71000
Bajaj,Bajaj Discover 150,30000,2012,1st owner,50000
Bajaj,Bajaj Discover 150,30000,2011,2nd owner,39500
Bajaj,Bajaj Discover 150,25000,2008,1st owner,25000
Bajaj,Bajaj Discover 150,25000,2011,1st owner,52000
Bajaj,Bajaj Discover 150,35000,2015,1st owner,12000
Hero,Hero Passion PRO i3s,55000,2017,1st owner,14600
Hero,Hero Passion PRO i3s,55000,2018,1st owner,15000
Hero,Hero Passion PRO i3s,35000,2016,1st owner,18000
Yamaha,Yamaha Fascino 110,45000,2016,1st owner,56000
Yamaha,Yamaha Fascino 110,38000,2016,1st owner,37000
Hero,Hero Maestro Edge,58000,2018,1st owner,6000
Hero,Hero Passion PRO TR,45000,2014,1st owner,36000
Hero,Hero Passion PRO TR,35000,2014,1st owner,9556
Yamaha,Yamaha YBR 125,36000,2014,1st owner,20400
Yamaha,Yamaha YBR 125,35000,2013,1st owner,20350
Honda,Honda Activa 3G,30000,2015,1st owner,39000
Honda,Honda Activa 3G,60000,2015,1st owner,30000
Honda,Honda Activa 3G,40000,2015,1st owner,3000
Honda,Honda Activa 3G,47999,2016,1st owner,6000
Honda,Honda Activa 3G,42000,2015,1st owner,20000
Honda,Honda Activa 3G,40000,2015,1st owner,7672
Honda,Honda Activa 3G,25000,2011,1st owner,20000
Honda,Honda Activa 3G,45000,2015,1st owner,18000
Honda,Honda Activa 3G,50000,2016,1st owner,5326
Honda,Honda Activa 3G,32000,2015,1st owner,4500
Honda,Honda Activa 3G,35000,2016,1st owner,51000
Honda,Honda Activa 3G,30000,2015,1st owner,18000
Honda,Honda Activa 3G,40000,2016,1st owner,60000
Honda,Honda Activa 3G,40000,2015,1st owner,36000
Honda,Honda Activa 3G,50000,2016,1st owner,6000
TVS,TVS Wego,45000,2018,1st owner,10000
TVS,TVS Wego,15000,2011,1st owner,65000
TVS,TVS Wego,15000,2011,2nd owner,20000
TVS,TVS Victor,20000,2001,1st owner,50000
TVS,TVS Victor,18000,2004,1st owner,46700
TVS,TVS Victor,10000,2005,1st owner,55000
Hero,Hero Passion X pro,50000,2018,1st owner,31000
Hero,Hero Passion Pro,45000,2018,1st owner,1000
Hero,Hero Passion Pro,40000,2017,1st owner,6700
Hero,Hero Splendor Plus i3s,70000,2019,1st owner,3000
Hero,Hero Splendor Plus i3s,65000,2019,1st owner,1000
Hero,Hero Maestro Edge,40000,2017,1st owner,15000
Hero,Hero Maestro Edge,46000,2015,1st owner,14000
Honda,Honda Dream Yuga,25000,2012,1st owner,35000
Honda,Honda Dream Yuga,35000,2014,1st owner,10000
Honda,Honda Dream Yuga,48000,2018,1st owner,7110
Honda,Honda Dream Yuga,25000,2013,1st owner,29000
Honda,Honda Dream Yuga,32000,2017,1st owner,39000
Honda,Honda Dream Yuga,47000,2019,1st owner,8800
Honda,Honda Dream Yuga,35000,2015,1st owner,39448
Honda,Honda Dream Yuga,45000,2017,1st owner,26000
Honda,Honda Dream Yuga,30000,2015,2nd owner,46070
Hero,Hero Passion XPro,28000,2012,1st owner,81000
Hero,Hero Passion PRO i3s,50000,2017,1st owner,41000
Hero,Hero Passion PRO i3s,50000,2017,1st owner,18000
Honda,Honda Activa 125,35000,2018,1st owner,24000
Hero,Hero Glamour,25000,2015,1st owner,18000
Hero,Hero Super Splendor,20000,2007,1st owner,55000
Bajaj,Bajaj Discover 125,20000,2014,2nd owner,25000
Bajaj,Bajaj Discover 125,15000,2013,2nd owner,35000
Yamaha,Yamaha Fascino 110,69000,2019,1st owner,1600
Yamaha,Yamaha Fascino 110,55000,2019,1st owner,7000
Honda,Honda CB Twister,25000,2015,1st owner,35000
Honda,Honda CB Twister,30000,2012,1st owner,50000
Bajaj,Bajaj Discover 125,25000,2013,1st owner,55000
Bajaj,Bajaj Discover 125,15000,2011,1st owner,32000
Bajaj,Bajaj Discover 125,10000,2006,1st owner,51000
Bajaj,Bajaj Discover 125,15000,2011,1st owner,47000
Bajaj,Bajaj Discover 125,26000,2012,1st owner,75000
Bajaj,Bajaj Discover 125,25000,2011,1st owner,70000
Bajaj,Bajaj Discover 125,23000,2011,1st owner,66000
Honda,Honda Activa 5G,60000,2018,1st owner,6502
Honda,Honda Activa 5G,62000,2019,1st owner,3500
Honda,Honda Activa 5G,55000,2019,1st owner,10000
Honda,Honda Activa 5G,42000,2018,1st owner,22000
Honda,Honda Activa 5G,46000,2018,1st owner,10000
Honda,Honda Activa 5G,50000,2018,1st owner,25000
Honda,Honda CB Shine,30000,2015,1st owner,30000
Suzuki,Suzuki Access 125,25000,2010,1st owner,1900
Honda,Honda CB Shine,12000,2009,1st owner,53000
Suzuki,Suzuki Access 125 [2007-2016],25000,2012,1st owner,55000
Suzuki,Suzuki Access 125 [2007-2016],22000,2010,2nd owner,43000
Suzuki,Suzuki Access 125 [2007-2016],16000,2011,1st owner,40000
Suzuki,Suzuki Access 125 [2007-2016],30000,2012,1st owner,23000
Bajaj,Bajaj Discover 125 ST,17500,2013,1st owner,38000
Bajaj,Bajaj Discover 125 ST,25000,2012,1st owner,76000
Yamaha,Yamaha Cygnus Ray ZR,56000,2019,1st owner,3900
Honda,Honda CBF Stunner,35000,2013,1st owner,15888
Honda,Honda CBF Stunner,37000,2014,1st owner,43000
Hero,Hero Passion XPro,45000,2018,1st owner,7000
Bajaj,Bajaj V12,45000,2017,1st owner,35000
Hero,Hero Passion X Pro [2016-2017],38000,2016,2nd owner,20000
Hero,Hero Passion X Pro [2016-2017],42000,2016,1st owner,15500
Honda,Honda Aviator,14000,2008,1st owner,66000
Honda,Honda Aviator,28000,2009,1st owner,29625
Honda,Honda Aviator,30000,2014,1st owner,7000
Honda,Honda Aviator,25000,2012,2nd owner,12000
Honda,Honda Activa 5G,70000,2019,1st owner,3000
Honda,Honda Activa 5G,55000,2019,1st owner,9000
Honda,Honda Activa 5G,50000,2018,1st owner,14000
Honda,Honda Activa 5G,51000,2018,1st owner,14000
Honda,Honda Activa 5G,62000,2019,1st owner,11200
Honda,Honda Activa 5G,65000,2019,1st owner,3025
Hero,Hero Passion XPro,25000,2013,1st owner,25000
Yamaha,Yamaha Saluto,60000,2018,1st owner,13000
Yamaha,Yamaha Saluto,74000,2019,1st owner,13000
Bajaj,Bajaj Discover 125,50000,2016,1st owner,42000
Bajaj,Bajaj Discover 125,25000,2011,1st owner,57000
Bajaj,Bajaj Discover 125,28000,2013,1st owner,45000
Bajaj,Bajaj Discover 125,25000,2016,1st owner,70350
Bajaj,Bajaj Discover 125,38000,2018,1st owner,34000
Bajaj,Bajaj Discover 125,45000,2016,1st owner,20000
Bajaj,Bajaj Discover 125,50000,2018,1st owner,6000
Honda,Honda Aviator,57000,2018,1st owner,6465
Honda,Honda Activa 125 [2016-2017],40000,2017,1st owner,26000
Honda,Honda Activa 125 [2016-2017],55000,2018,1st owner,18000
Honda,Honda Activa 125 [2016-2017],50000,2017,1st owner,27000
Hero,Hero Glamour 125,55000,2017,1st owner,2500
Hero,Hero Glamour 125,45000,2018,1st owner,21000
Hero,Hero Glamour 125,45000,2017,1st owner,18000
Hero,Hero Glamour 125,38000,2016,1st owner,5500
Hero,Hero Glamour 125,40000,2016,1st owner,15000
Hero,Hero Glamour 125,40000,2015,1st owner,71250
Hero,Hero Glamour 125,25000,2013,1st owner,50000
Hero,Hero Glamour 125,15000,2011,1st owner,75000
Hero,Hero Glamour 125,54000,2013,1st owner,17000
Hero,Hero Glamour 125,50000,2017,1st owner,8600
Hero,Hero Glamour 125,35000,2014,1st owner,450000
Honda,Honda Activa 125 [2016-2017],42000,2016,1st owner,30514
Honda,Honda CB Shine SP,50000,2017,1st owner,34300
Yamaha,Yamaha Saluto,38000,2015,1st owner,15000
Bajaj,Bajaj Discover 150S,40000,2014,1st owner,50000
Bajaj,Bajaj Discover 150S,35000,2015,1st owner,28000
Honda,Honda Aviator,41000,2013,1st owner,36500
Honda,Honda Aviator,28000,2013,1st owner,28087
Bajaj,Bajaj Pulsar 135 LS,40000,2016,1st owner,13700
Bajaj,Bajaj Discover 150F,40000,2014,2nd owner,60855
Bajaj,Bajaj Discover 150F,30000,2015,1st owner,12000
Bajaj,Bajaj Pulsar 135 LS,20000,2010,2nd owner,50000
Bajaj,Bajaj Pulsar 135 LS,56000,2017,3rd owner,37714
Bajaj,Bajaj Pulsar 135 LS,20000,2010,1st owner,80000
Bajaj,Bajaj Pulsar 135 LS,23000,2010,1st owner,77000
Bajaj,Bajaj Pulsar 135 LS,40000,2018,1st owner,15000
Bajaj,Bajaj Pulsar 135 LS,24000,2010,1st owner,45000
Bajaj,Bajaj Pulsar 135 LS,20000,2010,1st owner,80000
Bajaj,Bajaj Pulsar 135 LS,25000,2011,2nd owner,30000
Bajaj,Bajaj Pulsar 135 LS,45000,2014,1st owner,14000
Bajaj,Bajaj Pulsar 135 LS,20000,2011,1st owner,60000
Bajaj,Bajaj Pulsar 135 LS,45000,2017,1st owner,22000
Bajaj,Bajaj Pulsar 135 LS,50000,2015,1st owner,48000
Honda,Honda CB Shine SP,47000,2017,1st owner,73000
Honda,Honda CB Shine SP,50000,2018,1st owner,37000
Honda,Honda CB Shine SP,42000,2017,1st owner,19800
Honda,Honda CB Shine SP,50000,2016,1st owner,45000
Hero,Hero  Ignitor Disc,20000,2015,2nd owner,24000
Hero,Hero Ignitor,36000,2016,1st owner,23000
Bajaj,Bajaj V15,42000,2016,1st owner,35000
Bajaj,Bajaj V15,50000,2017,1st owner,9000
Bajaj,Bajaj V15,45000,2015,1st owner,2700
Bajaj,Bajaj V15,76000,2018,1st owner,23000
Yamaha,Yamaha SZ X,25000,2012,2nd owner,30000
Yamaha,Yamaha SZ X,35000,2010,1st owner,46000
TVS,TVS Radeon,35000,2017,1st owner,20000
Honda,Honda CB Shine SP,41000,2017,1st owner,33000
Bajaj,Bajaj V15,40000,2016,1st owner,45000
Bajaj,Bajaj V15,42000,2016,1st owner,19500
Bajaj,Bajaj V15,40000,2016,1st owner,34000
Bajaj,Bajaj V15,45000,2016,1st owner,36000
Bajaj,Bajaj V15,70000,2018,1st owner,15000
Honda,Honda CB Shine SP,50000,2016,1st owner,46000
Honda,Honda CB Shine SP,48000,2015,1st owner,25000
Hero,Hero Ignitor,35000,2014,1st owner,33200
Hero,Hero Ignitor,30000,2016,1st owner,18000
Hero,Hero Achiever 150,29900,2016,1st owner,55000
Hero,Hero Achiever 150,38000,2017,1st owner,26000
Hero,Hero Achiever 150,65000,2016,1st owner,29000
Yamaha,Yamaha SZ RR V 2.0,35000,2015,1st owner,38000
Suzuki,Suzuki GS150R,30000,2010,1st owner,130000
Suzuki,Suzuki GS150R,27000,2012,1st owner,14100
Honda,Honda CB Shine SP,62000,2019,1st owner,10000
Hero,Hero Glamour FI,50000,2018,1st owner,20000
Hero,Hero Glamour FI,30900,2014,1st owner,25000
Hero,Hero Glamour FI,75000,2019,1st owner,8900
Honda,Honda CB Unicorn,45000,2010,1st owner,75000
Honda,Honda CB Unicorn Dazzler,22000,2011,1st owner,38350
Honda,Honda CB Unicorn Dazzler,50000,2010,1st owner,75000
Honda,Honda CB Unicorn Dazzler,25000,2011,1st owner,40000
Honda,Honda CB Unicorn,38000,2017,1st owner,38600
Vespa,Vespa VX 125,45000,2013,2nd owner,50000
Hero,Hero Xtreme [2013-2014],45000,2014,1st owner,56420
Yamaha,Yamaha SZ-S,50000,2014,1st owner,20000
Hero,Hero Xtreme 2014,35000,2013,1st owner,15000
Hero,Hero Xtreme 2014,50000,2014,1st owner,10000
Honda,Honda CB Trigger,42000,2015,1st owner,12000
Honda,Honda CB Trigger,30000,2015,1st owner,40000
Bajaj,Bajaj Pulsar 150,65000,2017,1st owner,5000
Honda,Honda CB Unicorn 150,50000,2014,1st owner,32000
Honda,Honda CB Unicorn 150,50000,2007,1st owner,46000
Honda,Honda CB Unicorn 150,70000,2017,1st owner,18000
Honda,Honda CB Unicorn 150,40000,2014,1st owner,77592
Honda,Honda CB Unicorn 150,75000,2013,1st owner,54000
Honda,Honda CB Unicorn 150,50000,2013,1st owner,17000
Honda,Honda CB Unicorn 150,50000,2016,1st owner,27000
Honda,Honda CB Unicorn 150,55000,2017,1st owner,12000
Honda,Honda CB Unicorn 150,60000,2017,1st owner,12652
Honda,Honda CB Unicorn 150,30000,2010,1st owner,69000
Honda,Honda CB Unicorn 150,45000,2016,2nd owner,50000
Honda,Honda CB Unicorn 150,55000,2014,1st owner,10000
Honda,Honda CB Unicorn 150,30000,2012,1st owner,32000
Honda,Honda CB Unicorn 150,42000,2013,1st owner,38000
Bajaj,Bajaj Pulsar 150,25000,2010,2nd owner,26000
Bajaj,Bajaj Pulsar 150,20000,2010,1st owner,60000
Hero,Hero Hunk,20000,2009,2nd owner,49000
Bajaj,Bajaj Pulsar 150,10000,2008,1st owner,92233
Bajaj,Bajaj Avenger [2015],35000,2011,1st owner,30000
Bajaj,Bajaj Avenger [2015],38000,2014,2nd owner,28243
Bajaj,Bajaj Avenger [2015],35000,2012,1st owner,15000
Bajaj,Bajaj Avenger [2015],65000,2015,1st owner,26000
Bajaj,Bajaj Avenger [2015],65000,2010,1st owner,20000
Bajaj,Bajaj Avenger [2015],45000,2011,1st owner,35000
Bajaj,Bajaj Avenger [2015],60000,2015,2nd owner,16000
Hero,Hero Xtreme [2013-2014],25000,2013,1st owner,24000
Hero,Hero Xtreme [2013-2014],45000,2013,1st owner,57000
Honda,Honda CB Trigger,40000,2015,1st owner,75000
Honda,Honda CB Trigger,45000,2013,1st owner,20000
Suzuki,Suzuki Access 125,70000,2018,1st owner,7000
Honda,Honda CB Unicorn 160,75000,2016,1st owner,40000
Honda,Honda CB Unicorn 160,50000,2017,1st owner,52000
Honda,Honda CB Unicorn 160,45000,2015,1st owner,15000
Vespa,Vespa LX 125,50000,2015,1st owner,3909
Suzuki,Suzuki Gixxer [2014-2018],55000,2015,1st owner,25000
Suzuki,Suzuki Gixxer [2014-2018],62000,2017,1st owner,15000
Suzuki,Suzuki Gixxer [2014-2018],45000,2015,1st owner,40000
Hero,Hero Xtreme Sports,43000,2016,2nd owner,50000
Hero,Hero Xtreme Sports,22000,2014,1st owner,99000
Hero,Hero Xtreme Sports,65000,2017,1st owner,23000
Hero,Hero Hunk,45000,2014,1st owner,41000
Hero,Hero Hunk,20000,2010,1st owner,35000
Hero,Hero Hunk,35000,2013,1st owner,50000
Hero,Hero Hunk,35000,2016,1st owner,32000
Hero,Hero Extreme,65000,2015,1st owner,16000
Hero,Hero Extreme,55000,2016,1st owner,15000
Hero,Hero Honda CBZ extreme,38000,2013,1st owner,75000
Hero,Hero  CBZ Xtreme,20000,2010,1st owner,50000
Yamaha,Yamaha FZ16,35000,2015,1st owner,32000
Yamaha,Yamaha FZ16,30000,2009,2nd owner,26000
Yamaha,Yamaha FZ16,35000,2012,2nd owner,29000
Yamaha,Yamaha FZ16,48000,2016,1st owner,20000
Yamaha,Yamaha FZ16,27000,2011,1st owner,67000
Yamaha,Yamaha FZ16,25000,2008,1st owner,40000
Yamaha,Yamaha FZ16,20000,2009,1st owner,50000
Yamaha,Yamaha FZ16,30000,2011,1st owner,44000
Yamaha,Yamaha FZ16,30000,2010,1st owner,70000
Yamaha,Yamaha FZ16,60000,2016,1st owner,29950
Yamaha,Yamaha FZ16,45000,2016,1st owner,37000
Yamaha,Yamaha FZ16,40000,2016,1st owner,93000
Honda,Honda CB Unicorn 160,75000,2015,1st owner,100000
Yamaha,Yamaha FZ S [2012-2016],38000,2013,1st owner,75000
Yamaha,Yamaha FZ S [2012-2016],42000,2013,1st owner,60000
Yamaha,Yamaha FZ S [2012-2016],40000,2014,1st owner,27785
Yamaha,Yamaha FZ S [2012-2016],40000,2011,1st owner,82000
Yamaha,Yamaha FZ S [2012-2016],60000,2014,1st owner,68000
Yamaha,Yamaha FZ S [2012-2016],45000,2016,2nd owner,20000
Yamaha,Yamaha FZ S [2012-2016],45000,2015,1st owner,24000
Bajaj,Bajaj Avenger 150,75000,2018,1st owner,7000
Bajaj,Bajaj Avenger 150 street,60000,2018,1st owner,20000
Hero,Hero Xtreme Sports,50000,2014,1st owner,80000
Hero,Hero Xtreme Sports,58000,2016,1st owner,21000
Bajaj,Bajaj Avenger Street 150 [2018],50000,2016,1st owner,40000
Bajaj,Bajaj Avenger Street 150 [2018],50000,2016,1st owner,32000
Bajaj,Bajaj Avenger Street 150 [2018],40000,2016,1st owner,29689
Bajaj,Bajaj Avenger Street 150 [2018],60000,2016,2nd owner,23097
Bajaj,Bajaj Avenger Street 150 [2018],60000,2016,1st owner,45137
Bajaj,Bajaj Avenger Street 150 [2018],75000,2016,1st owner,35000
Bajaj,Bajaj Avenger Street 150 [2018],80000,2017,1st owner,30000
Bajaj,Bajaj Avenger Street 150 [2018],60000,2017,1st owner,30000
Bajaj,Bajaj Avenger Street 150 [2018],60000,2016,2nd owner,27000
Bajaj,Bajaj Avenger Street 150 [2018],60000,2016,1st owner,25000
Bajaj,Bajaj Pulsar AS150,50000,2015,1st owner,5000
Bajaj,Bajaj Pulsar AS150,55000,2017,2nd owner,20000
TVS,TVS Apache RTR 160,65000,2019,1st owner,11800
TVS,TVS Apache RTR 160,60000,2014,1st owner,19000
TVS,TVS Apache RTR 160,42000,2016,1st owner,42000
Yamaha,Yamaha FZ V 2.0,60000,2014,1st owner,41311
Yamaha,Yamaha FZ V 2.0,35000,2014,1st owner,13500
Yamaha,Yamaha FZ V 2.0,60000,2018,1st owner,25000
Yamaha,Yamaha FZ V 2.0,60000,2016,1st owner,45420
Yamaha,Yamaha FZ 16,75000,2017,1st owner,18000
TVS,TVS Apache RTR 180,50000,2013,1st owner,6000
TVS,TVS Apache RTR 180,45000,2016,1st owner,23000
Suzuki,Suzuki Gixxer [2014-2018],69000,2017,1st owner,20000
Yamaha,Yamaha FZ S ,40000,2014,1st owner,5500
Honda,Honda CB Hornet 160R,70000,2017,1st owner,28000
Honda,Honda CB Trigger,45000,2015,1st owner,36000
Honda,Honda CB Trigger,40000,2014,1st owner,75000
Yamaha,Yamaha FZ S V 2.0,78000,2019,1st owner,5000
Yamaha,Yamaha FZ  v 2.0,60000,2017,1st owner,29000
Yamaha,Yamaha FZ  v 2.0,60000,2018,1st owner,25000
Yamaha,Yamaha FZ S V 2.0,55000,2017,1st owner,58000
Yamaha,Yamaha FZ S V 2.0,48000,2017,1st owner,23000
Yamaha,Yamaha FZ S V 2.0,85000,2018,1st owner,8000
Yamaha,Yamaha FZ S V 2.0,50000,2015,1st owner,20000
Yamaha,Yamaha FZ S V 2.0,60000,2015,2nd owner,17500
Yamaha,Yamaha FZ S V 2.0,50000,2014,1st owner,70000
Yamaha,Yamaha FZ S V 2.0,40000,2015,1st owner,25000
Yamaha,Yamaha FZ S V 2.0,60000,2017,1st owner,14500
Yamaha,Yamaha FZ S V 2.0,75000,2017,1st owner,20000
Yamaha,Yamaha FZ S V 2.0,65000,2017,1st owner,42000
Suzuki,Suzuki Gixxer [2014-2018],60000,2016,1st owner,16000
Yamaha,Yamaha FZ S V 2.0,78000,2017,1st owner,26100
Yamaha,Yamaha Fazer [2009-2016],40000,2013,3rd owner,35000
Yamaha,Yamaha Fazer [2009-2016],40000,2012,1st owner,7353
Yamaha,Yamaha Fazer [2009-2016],45000,2014,1st owner,57700
Yamaha,Yamaha Fazer [2009-2016],25000,2013,1st owner,120000
Yamaha,Yamaha Fazer [2009-2016],50000,2012,1st owner,100000
Yamaha,Yamaha Fazer [2009-2016],35000,2011,1st owner,15500
Yamaha,Yamaha Fazer [2009-2016],40000,2013,1st owner,34500
Bajaj,Bajaj Pulsar 180,15000,2008,1st owner,55000
Bajaj,Bajaj Pulsar 180,25000,2007,1st owner,80000
Bajaj,Bajaj Pulsar 180,35000,2012,1st owner,45000
Bajaj,Bajaj Pulsar 180,30000,2008,2nd owner,60000
Bajaj,Bajaj Pulsar 180,32000,2012,1st owner,40000
Bajaj,Bajaj Pulsar 180,50000,2017,1st owner,20500
Bajaj,Bajaj Pulsar 180,42000,2014,2nd owner,19600
Bajaj,Bajaj Pulsar 180,38000,2012,2nd owner,57000
Bajaj,Bajaj Pulsar 180,14900,2007,1st owner,50000
Bajaj,Bajaj Pulsar 180,65000,2018,1st owner,26000
Bajaj,Bajaj Pulsar 180,60000,2015,1st owner,28563
Bajaj,Bajaj Pulsar 180,40000,2013,1st owner,34000
Bajaj,Bajaj Pulsar 180,35000,2009,1st owner,19000
Bajaj,Bajaj Pulsar 180,20100,2008,1st owner,36000
Bajaj,Bajaj Pulsar 180,85000,2016,1st owner,35000
Bajaj,Bajaj Pulsar 180,25000,2011,1st owner,43000
Bajaj,Bajaj Pulsar 180,50000,2014,1st owner,30000
Bajaj,Bajaj Pulsar 180,30000,2009,1st owner,17500
Bajaj,Bajaj Pulsar 180,72000,2017,1st owner,7850
Bajaj,Bajaj Pulsar 180,50000,2010,1st owner,70000
Hero,Hero Karizma [2003-2014],50000,2013,1st owner,38000
Hero,Hero Karizma [2003-2014],50000,2013,1st owner,38000
Hero,Hero Karizma 2014,35000,2013,1st owner,26000
Hero,Hero Karizma 2014,40000,2013,1st owner,30000
Hero,Hero Karizma 2014,30000,2014,2nd owner,51000
Hero,Hero Karizma 2014,45000,2014,1st owner,5555
Hero,Hero Karizma 2014,25000,2015,1st owner,40000
Honda,Honda CB Hornet 160R,80000,2019,1st owner,3000
Honda,Honda CB Hornet 160R,75000,2019,1st owner,11000
Honda,Honda CB Hornet 160R,60000,2018,1st owner,15000
Yamaha,Yamaha FZ S V 2.0,50000,2016,1st owner,40000
Yamaha,Yamaha FZ S V 2.0,80000,2019,1st owner,10000
Yamaha,Yamaha FZ S V 2.0,85000,2018,1st owner,50000
Yamaha,Yamaha FZ S V 2.0,90000,2018,1st owner,10500
Honda,Honda CB Hornet 160R,55000,2017,1st owner,14000
Honda,Honda CB Hornet 160R,56000,2017,2nd owner,13200
Honda,Honda CB Hornet 160R,70000,2017,1st owner,38000
Honda,Honda CB Hornet 160R,78500,2018,1st owner,17000
Honda,Honda CB Hornet 160R,70000,2017,1st owner,35000
Honda,Honda CB Hornet 160R,80000,2017,1st owner,18000
Honda,Honda CB Hornet 160R,70000,2017,1st owner,35000
Yamaha,Yamaha Fazer ,50000,2016,1st owner,8000
Honda,Honda CB Hornet 160R,65000,2016,1st owner,30000
Honda,Honda CB Hornet 160R,54786,2016,1st owner,25000
Honda,Honda CB Hornet 160R,48000,2016,2nd owner,25000
Yamaha,Yamaha Fazer FI V 2.0 [2016-2018],65000,2015,1st owner,23000
Yamaha,Yamaha Fazer FI V 2.0 [2016-2018],65000,2018,1st owner,3500
Bajaj,Bajaj Pulsar AS200,65000,2015,1st owner,15856
Bajaj,Bajaj Pulsar AS200,60000,2015,1st owner,50000
Bajaj,Bajaj Pulsar AS200,45000,2015,1st owner,48000
Bajaj,Bajaj Pulsar AS200,65000,2015,1st owner,33000
Honda,Honda CB Hornet 160R,60000,2017,1st owner,16500
Honda,Honda CB Hornet 160R,60000,2017,2nd owner,16008
Honda,Honda CB Hornet 160R,70000,2017,1st owner,240000
Honda,Honda CB Hornet 160R,70000,2017,1st owner,13000
Honda,Honda CB Hornet 160R,80000,2016,1st owner,100000
Honda,Honda CB Hornet 160R,75000,2016,1st owner,72000
Honda,Honda CB Hornet 160R,70000,2018,1st owner,7000
Hero,Hero Xtreme 200R,87000,2019,1st owner,3200
Hero,Hero Xtreme 200R,86000,2018,1st owner,12000
Bajaj,Bajaj Pulsar 220 F,52000,2012,1st owner,45000
Bajaj,Bajaj Pulsar 220 F,51000,2018,1st owner,24000
Honda,Honda CB Hornet 160R,95000,2019,1st owner,8000
Bajaj,Bajaj Avenger 220,90000,2019,1st owner,1300
Bajaj,Bajaj Avenger 220,75000,2019,1st owner,3500
Bajaj,Bajaj Avenger 220,72000,2018,1st owner,500
Bajaj,Bajaj Avenger 220 dtsi,60000,2017,1st owner,16600
Bajaj,Bajaj Avenger Street 220,45000,2013,1st owner,24000
Bajaj,Bajaj Avenger 220 dtsi,45000,2012,1st owner,27000
Bajaj,Bajaj Avenger Street 220,80000,2018,1st owner,21178
Bajaj,Bajaj Avenger Street 220,80000,2016,1st owner,7200
Bajaj,Bajaj Avenger Street 220,60000,2016,1st owner,29000
Bajaj,Bajaj Avenger Street 220,95000,2018,1st owner,23000
Bajaj,Bajaj Avenger Street 220,60000,2016,1st owner,17000
Bajaj,Bajaj Avenger Street 220,75000,2018,1st owner,12000
Hero,Hero Xpulse 200T,105000,2019,1st owner,2900
Bajaj,Bajaj Pulsar  NS 200,60000,2016,1st owner,25000
Bajaj,Bajaj Pulsar NS 200,50000,2014,1st owner,13000
Bajaj,Bajaj Pulsar NS 200,50000,2015,1st owner,45000
Bajaj,Bajaj Pulsar NS 200,45000,2014,1st owner,14500
Suzuki,Suzuki Gixxer SF Fi,100000,2019,1st owner,7000
Honda,Honda Karizma,35000,2013,1st owner,30000
Honda,Honda Karizma,31000,2012,1st owner,213000
Hero,Hero Xpulse 200,90000,2019,1st owner,8600
Hero,Hero Xpulse 200,100000,2019,1st owner,8500
Hero,Hero Xpulse 200,98000,2019,1st owner,8500
Hero,Hero Karizma ZMR,37000,2010,1st owner,27500
Hero,Hero Karizma ZMR,75000,2015,1st owner,11000
Hero,Hero Karizma ZMR,43000,2012,2nd owner,63000
Suzuki,Suzuki Intruder 150 Fi,100000,2018,1st owner,14500
Royal,Royal Enfield Bullet 350,105000,2018,1st owner,6000
Yamaha,Yamaha YZF R15 S,40000,2010,2nd owner,45000
Yamaha,Yamaha YZF R15 S,70000,2016,1st owner,8000
Yamaha,Yamaha YZF R15 S,85000,2017,1st owner,13000
Yamaha,Yamaha YZF R15 S,85000,2016,1st owner,26000
Yamaha,Yamaha YZF R15 S,70000,2017,1st owner,16000
Yamaha,Yamaha YZF R15 S,75000,2018,1st owner,36000
Yamaha,Yamaha YZF R15 [2011-2018],65000,2013,1st owner,11000
Yamaha,Yamaha YZF R15 [2011-2018],60000,2012,1st owner,22000
Yamaha,Yamaha YZF R15 [2011-2018],80000,2017,1st owner,27000
Yamaha,Yamaha YZF R15 [2011-2018],50000,2014,1st owner,1200
Yamaha,Yamaha YZF R15 [2011-2018],80000,2013,1st owner,30000
Honda,Honda CBR 150,65000,2016,1st owner,23500
Honda,Honda CBR 150,60000,2015,1st owner,32000
Bajaj,Bajaj Pulsar RS200,105000,2018,1st owner,5700
Honda,Honda CBR150 R,110000,2017,1st owner,11800
Honda,Honda CBR150 R,77000,2014,1st owner,38000
Yamaha,Yamaha FZ25,120000,2018,1st owner,39000
Yamaha,Yamaha FZ25,120000,2017,1st owner,9000
Yamaha,Yamaha FZ25,130000,2017,1st owner,4000
Yamaha,Yamaha FZ25,90000,2018,1st owner,8200
Yamaha,Yamaha FZ25,150000,2019,1st owner,2500
Yamaha,Yamaha FZ25,110000,2019,1st owner,10000
Yamaha,Yamaha FZ25,145000,2019,1st owner,4500
Mahindra,Mahindra Mojo XT300,115000,2018,1st owner,35000
Yamaha,Yamaha Fazer 25,115000,2018,1st owner,11000
Yamaha,Yamaha Fazer 25,120000,2018,1st owner,6000
Yamaha,Yamaha Fazer 25,145000,2018,2nd owner,4100
Yamaha,Yamaha YZF R15 V3,170000,2019,1st owner,1400
Royal,Royal Enfield Classic 350,135000,2019,1st owner,4100
Royal,Royal Enfield Classic 350,120000,2019,1st owner,11000
Royal,Royal Enfield Classic 350,115000,2017,1st owner,17000
Royal,Royal Enfield Classic 350,111000,2017,1st owner,17500
Royal,Royal Enfield Classic 350,110000,2015,1st owner,33000
Royal,Royal Enfield Classic 350,110000,2017,1st owner,26000
Royal,Royal Enfield Classic 350,100000,2015,1st owner,46500
Royal,Royal Enfield Classic Gunmetal Grey,150000,2018,1st owner,12000
Royal,Royal Enfield Classic Gunmetal Grey,150000,2018,1st owner,23000
Royal,Royal Enfield Classic Gunmetal Grey,140000,2018,1st owner,22000
Royal,Royal Enfield Classic Gunmetal Grey,135000,2018,1st owner,6100
Royal,Royal Enfield Classic Gunmetal Grey,180000,2018,1st owner,5814
Royal,Royal Enfield Classic Gunmetal Grey,140000,2018,1st owner,14000
Royal,Royal Enfield Thunder 350,125000,2015,1st owner,15000
Royal,Royal Enfield Thunder 350,120000,2018,1st owner,18000
Royal,Royal Enfield Thunder 350,115000,2018,1st owner,8700
Royal,Royal Enfield Thunder 350,105000,2013,1st owner,6900
Royal,Royal Enfield Classic Gunmetal Grey,190000,2020,1st owner,500
Royal,Royal Enfield Classic 500,100000,2013,1st owner,18000
Bajaj,Bajaj Dominar 400,145000,2019,1st owner,1200
Bajaj,Bajaj Dominar 400 [2018],170000,2018,1st owner,16000
Bajaj,Bajaj Dominar 400 [2018],150000,2018,1st owner,5475
Royal,Royal Enfield Thunderbird 350X,165000,2019,1st owner,3700
Royal,Royal Enfield Thunderbird 350X,145000,2019,1st owner,2700
Royal,Royal Enfield Classic Signals,195000,2018,1st owner,2845
Royal,Royal Enfield Bullet 500,130000,2015,1st owner,34601
Benelli,Benelli TNT 25,160000,2017,1st owner,2009
Honda,Honda CBR-250R,85000,2014,2nd owner,18600
Honda,Honda CBR-250R,100000,2011,2nd owner,3500
Royal,Royal Enfield Classic 500,95000,2014,1st owner,11500
Royal,Royal Enfield Classic 500,90000,2011,1st owner,40000
KTM,KTM RC200,165000,2019,1st owner,4000
KTM,KTM RC200,120000,2018,1st owner,6000
UM,UM Renegade Commando,160000,2018,1st owner,7000
UM,UM Renegade Commando,140000,2017,2nd owner,40000
Royal,Royal Enfield Classic Desert Storm,150000,2017,1st owner,16500
Royal,Royal Enfield Classic Desert Storm,100000,2012,1st owner,15000
Royal,Royal Enfield Classic Desert Storm,130000,2015,2nd owner,25000
Royal,Royal Enfield Classic Squadron Blue,140000,2017,1st owner,25000
Royal,Royal Enfield Classic Desert Storm,150000,2015,1st owner,23000
UM,UM Renegade Mojave,170000,2019,1st owner,1400
Royal,Royal Enfield Classic Chrome,135000,2015,1st owner,45000
Royal,Royal Enfield Classic Chrome,185000,2015,2nd owner,5000
Royal,Royal Enfield Thunder 500,175000,2018,1st owner,3000
Royal,Royal Enfield Thunder 500,110000,2017,1st owner,14000
Royal,Royal Enfield Thunder 500,105000,2015,1st owner,5400
Royal,Royal Enfield Thunderbird 500,125000,2014,1st owner,25000
Mahindra,Mahindra Mojo XT300,165000,2017,1st owner,1933
Royal,Royal Enfield Thunderbird 500X,185000,2018,1st owner,1500
Honda,Honda CBR-250R,100000,2014,1st owner,19000
KTM,KTM 390 Duke ABS [2013-2016],130000,2015,1st owner,50000
KTM,KTM 390 Duke ABS [2013-2016],180000,2015,2nd owner,13125
Honda,Honda CBR-250R,120000,2016,1st owner,16000
Honda,Honda CBR-250R,200000,2019,1st owner,5500
Royal,Royal Enfield Classic Stealth Black,160000,2018,1st owner,7500
Royal,Royal Enfield Continental GT [2013 - 2018],110000,2014,1st owner,12077
KTM,KTM RC390,135000,2017,1st owner,21700
KTM,KTM 390 Duke ,115000,2016,1st owner,7000
Kawasaki,Kawasaki Ninja 250R,125000,2010,2nd owner,21000
Hyosung,Hyosung GT250R,135000,2016,2nd owner,16500
BMW,BMW G310GS,300000,2018,1st owner,2500
Yamaha,Yamaha YZF R3,365000,2019,1st owner,1127
Kawasaki,Kawasaki Ninja 300,300000,2016,1st owner,9800
Harley,Harley-Davidson Street 750,330000,2014,3rd owner,6500
Kawasaki,Kawasaki Ninja 650 [2018-2019],300000,2011,1st owner,12000
Kawasaki,Kawasaki Ninja 650 [2018-2019],425000,2017,2nd owner,13600
Suzuki,Suzuki GSX S750,760000,2019,1st owner,2800
Harley,Harley-Davidson Street Bob,750000,2013,2nd owner,12000
Royal,Royal Enfield Classic 350,175000,2019,1st owner,350
Honda,Honda Dio,45000,2017,1st owner,5650
Yamaha,Yamaha SZ [2013-2014],20000,2011,2nd owner,21000
Royal,Royal Enfield Bullet 350 [2007-2011],180000,2008,2nd owner,39000
Hero,Hero Honda CBZ extreme,30000,2010,1st owner,32000
Jawa,Jawa 42,185000,2020,1st owner,1700
Hero,Hero Honda Glamour,25000,2006,1st owner,27000
Hero,Hero Passion Pro 110,15000,2008,1st owner,60000
Jawa,Jawa Standard,180000,2019,1st owner,2000
Royal,Royal Enfield Thunderbird 350,110000,2016,1st owner,20000
TVS,TVS Apache RTR 160 4V,80000,2018,1st owner,15210
Hero,Hero Honda Splendor NXG,21000,2009,1st owner,10000
Honda,Honda X-Blade,65000,2018,1st owner,27000
Hero,Hero Honda Passion PRO [2012],30000,2011,1st owner,42000
Royal,Royal Enfield Thunderbird 350,90000,2015,3rd owner,13000
Bajaj,Bajaj Dominar 400,125000,2017,1st owner,12800
KTM,KTM 390 Duke,175000,2017,1st owner,4600
Royal,Royal Enfield Electra 5 S,90000,2010,2nd owner,40000
Hero,Hero Honda Passion Plus,25000,2006,1st owner,75000
Bajaj,Bajaj Pulsar 150,25000,2010,1st owner,42000
Royal,Royal Enfield Bullet 350,90000,2014,1st owner,13000
Bajaj,Bajaj Pulsar 150 [2001-2011],42000,2011,1st owner,23000
Royal,Royal Enfield Thunderbird 350,85000,2013,1st owner,21000
Royal,Royal Enfield Electra 4 S,90000,2008,1st owner,50000
TVS,TVS Scooty Pep Plus,35000,2012,1st owner,8150
TVS,TVS Apache RTR 160,35000,2013,1st owner,55750
Bajaj,Bajaj Pulsar 150,29500,2013,1st owner,27000
Suzuki,Suzuki Intruder 150,95000,2018,1st owner,21938
Hero,Hero Honda Karizma ZMR [2010],50000,2010,1st owner,48000
Honda,Honda Dio,7500,2009,2nd owner,16000
Bajaj,Bajaj Xcd,25000,2008,1st owner,54000
Hero,Hero Splendor Plus,35000,2014,2nd owner,35000
Royal,Royal Enfield Thunderbird 350X,160000,2018,1st owner,15000
Hero,Hero Honda CD Deluxe,25000,2009,1st owner,50000
Hero,Hero CD Deluxe,25000,2014,1st owner,70000
Bajaj,Bajaj Pulsar 220S,55000,2015,1st owner,45000
Bajaj,Bajaj Pulsar 150,42000,2015,1st owner,22770
Hero,Hero Splendor Plus,30000,2015,1st owner,30000
Royal,Royal Enfield Thunderbird 350X,160000,2019,1st owner,6330
Royal,Royal Enfield Classic 350,175000,2020,1st owner,500
Bajaj,Bajaj Pulsar 150,40000,2013,1st owner,43400
Bajaj,Bajaj Pulsar NS160,85000,2018,1st owner,7004
Suzuki,Suzuki Gixxer SF,80000,2018,1st owner,12500
TVS,TVS Apache RTR 200 4V,95000,2018,1st owner,9600
TVS,TVS XL 100 Heavy Duty,40000,2019,1st owner,11000
Hero,Hero HF Deluxe,40000,2018,1st owner,13000
Aprilia,Aprilia SR 125,75000,2019,1st owner,3500
Hero,Hero Honda Glamour,30000,2008,1st owner,7500
Hero,Hero Honda Passion Plus,7500,2004,1st owner,120000
Vespa,Vespa SXL 149,80000,2018,1st owner,18803
TVS,TVS Scooty Pep Plus,18000,2010,1st owner,20000
Royal,Royal Enfield Thunderbird 350,83900,2014,2nd owner,22000
Honda,Honda Shine,50000,2017,1st owner,23000
Hero,Hero Honda CBZ extreme,25000,2010,1st owner,40000
Royal,Royal Enfield Classic 350,125000,2017,1st owner,18000
Royal,Royal Enfield Continental GT 650,299000,2019,1st owner,1500
Hero,Hero Honda CBZ extreme,20000,2007,1st owner,90000
KTM,KTM 200 Duke,72000,2013,1st owner,36500
Royal,Royal Enfield Classic 350,85000,2013,1st owner,49000
Bajaj,Bajaj Dominar 400,138000,2017,1st owner,15000
Royal,Royal Enfield Thunderbird 350X,150000,2018,1st owner,8500
KTM,KTM RC 390,180000,2017,1st owner,3775
Royal,Royal Enfield Thunderbird 350,100000,2015,1st owner,14500
KTM,KTM 390 Duke,170000,2017,1st owner,14000
Royal,Royal Enfield Bullet 350,123000,2016,1st owner,7000
Suzuki,Suzuki Access 125,60000,2017,1st owner,4000
TVS,TVS Apache RTR 200 4V,100000,2017,1st owner,45000
Bajaj,Bajaj Pulsar 150,50000,2007,1st owner,52000
Hero,Hero HF Deluxe,43000,2018,1st owner,60000
Suzuki,Suzuki Access 125,40000,2015,1st owner,2300
Hero,Hero HF Deluxe,30000,2016,1st owner,50000
KTM,KTM RC 200,130000,2017,1st owner,27000
Bajaj,Bajaj CT 100,32000,2017,1st owner,40000
Hero,Hero Honda Pleasure,23000,2010,1st owner,32000
Royal,Royal Enfield Classic 350,125000,2017,1st owner,36000
Bajaj,Bajaj Pulsar 150,80000,2019,1st owner,8000
TVS,TVS Flame,15000,2010,1st owner,12000
Royal,Royal Enfield Classic 350,170000,2018,1st owner,5600
Royal,Royal Enfield Electra 5 S,60000,2007,2nd owner,19612
Bajaj,Bajaj Pulsar 150,41000,2012,1st owner,17000
Honda,Honda Shine,35000,2012,1st owner,33700
Honda,Honda Shine,36999,2011,1st owner,21000
Suzuki,Suzuki Gixxer SF,60000,2016,1st owner,15000
TVS,TVS Sport,12000,2007,1st owner,72000
Bajaj,Bajaj Boxer,10000,2000,1st owner,30000
Hero,Hero Honda Hunk,56000,2015,1st owner,48000
Hero,Hero Honda Hunk,58000,2015,1st owner,48000
Bajaj,Bajaj Avenger Cruise 220,87000,2018,1st owner,8000
Hero,Hero HF Deluxe,60000,2019,1st owner,6000
Bajaj,Bajaj Platina 100,40000,2018,1st owner,17000
Bajaj,Bajaj Pulsar 220 Fi,25000,2012,1st owner,44000
Bajaj,Bajaj Pulsar 150,15000,2006,1st owner,55000
TVS,TVS Apache RTR 160,65000,2017,1st owner,46000
Bajaj,Bajaj Pulsar 150,70000,2019,1st owner,6500
Hero,Hero Honda Glamour,15000,2006,1st owner,80000
Royal,Royal Enfield Classic 350,145000,2017,1st owner,2200
Royal,Royal Enfield Bullet 350 [2007-2011],90000,2007,1st owner,3500
Hero,Hero Honda Passion,9000,2002,2nd owner,66191
TVS,TVS Apache RTR 200 4V,95000,2018,1st owner,9600
Honda,Honda Shine,30000,2010,1st owner,46782
Hero,Hero Splendor Plus,17000,2010,2nd owner,50000
Royal,Royal Enfield Thunderbird 350,125000,2017,1st owner,23500
Bajaj,Bajaj CT 110,20000,2015,1st owner,25000
KTM,KTM RC 390,210000,2017,1st owner,12000
Bajaj,Bajaj Pulsar 220F,70000,2018,1st owner,33000
Bajaj,Bajaj Xcd,10000,2008,1st owner,50000
Bajaj,Bajaj Pulsar 150,35000,2010,1st owner,40000
TVS,TVS Centra,10000,2005,1st owner,50000
Hero,Hero Super Splendor,50000,2016,1st owner,20000
TVS,TVS Scooty Pep Plus,30000,2011,1st owner,20000
Hero,Hero Honda Splendor Plus,15000,2005,1st owner,65000
Hero,Hero CD Deluxe,15000,2014,2nd owner,34000
Hero,Hero Honda Passion PRO [2012],25000,2011,1st owner,20000
Hero,Hero HF Deluxe i3s,54000,2019,1st owner,11000
Bajaj,Bajaj Xcd,25000,2007,1st owner,75000
Royal,Royal Enfield Interceptor 650,260000,2019,1st owner,1200
Bajaj,Bajaj Kristal,15000,2007,1st owner,30000
Hero,Hero Honda Splendor Plus,20000,2006,1st owner,23000
Bajaj,Bajaj Discover 135,20000,2010,1st owner,31195
Vespa,Vespa SXL 149,98000,2019,1st owner,1000
Royal,Royal Enfield Machismo,75000,2008,2nd owner,17000
Bajaj,Bajaj Pulsar 150,60000,2014,1st owner,60000
TVS,TVS Apache RTR 160,50000,2016,1st owner,40000
Honda,Honda Dio,35000,2014,1st owner,25000
Royal,Royal Enfield Thunderbird 350,160000,2018,1st owner,19000
Hero,Hero Honda CBZ extreme,42000,2010,1st owner,51000
Bajaj,Bajaj Dominar 400,200000,2019,1st owner,7600
Honda,Honda Activa 125,40000,2014,1st owner,14965
KTM,KTM 250 Duke,195000,2019,1st owner,6000
KTM,KTM RC 390,270000,2019,1st owner,2380
TVS,TVS Apache RTR 200 4V,85000,2018,1st owner,10000
Bajaj,Bajaj Pulsar NS200,85000,2018,1st owner,7750
Royal,Royal Enfield Thunderbird 350,100000,2015,1st owner,30000
Royal,Royal Enfield Classic 350,95000,2015,1st owner,9800
Suzuki,Suzuki Access 125,45000,2017,1st owner,22300
Royal,Royal Enfield Thunderbird 350X,140000,2018,1st owner,5505
Yamaha,Yamaha Rx,70000,2000,3rd owner,5000
Hero,Hero Honda Splendor Plus,15000,2007,1st owner,30000
Bajaj,Bajaj Pulsar 125,65000,2019,1st owner,16000
Yamaha,Yamaha Fazer Dlx,58000,2012,1st owner,40000
Royal,Royal Enfield Classic 350,162000,2018,1st owner,17365
Hero,Hero Honda Hunk,28000,2009,1st owner,40000
Royal,Royal Enfield Interceptor 650,285000,2019,1st owner,5500
Royal,Royal Enfield Classic 350,125000,2017,1st owner,33900
Bajaj,Bajaj Pulsar 150 [2001-2011],15000,2005,1st owner,47670
TVS,TVS Apache RR310,200000,2019,1st owner,5000
Jawa,Jawa Standard,160000,2019,1st owner,5700
Hero,Hero Honda Splendor PRO,30000,2012,1st owner,22866
Bajaj,Bajaj Pulsar 220F,70000,2016,1st owner,31000
TVS,TVS Star City Plus,42000,2017,1st owner,21000
Royal,Royal Enfield Classic 350,160000,2018,1st owner,17365
Suzuki,Suzuki Access 125,45000,2017,1st owner,15000
Hero,Hero Honda Splendor Plus,12000,2005,1st owner,48000
Royal,Royal Enfield Classic 350,140000,2018,1st owner,20000
Hero,Hero Splendor Plus,25000,2012,1st owner,50000
Royal,Royal Enfield Thunderbird 350,90000,2014,1st owner,12000
Yamaha,Yamaha YZF R15 V3,120000,2018,1st owner,11500
KTM,KTM RC 200,120000,2015,1st owner,20000
Hero,Hero HF Deluxe,35000,2017,1st owner,27000
Royal,Royal Enfield Thunderbird 350,87000,2012,1st owner,20477
Hero,Hero Honda Splendor Plus,18000,2010,1st owner,35700
Hero,Hero Honda Splendor Plus,15000,2004,1st owner,14500
Bajaj,Bajaj Platina 100,30000,2018,1st owner,37000
Royal,Royal Enfield Thunderbird 350X,160000,2018,1st owner,3246
Bajaj,Bajaj Platina 100,45000,2019,1st owner,15000
Royal,Royal Enfield Thunderbird 350,120000,2017,1st owner,4050
Bajaj,Bajaj Pulsar 150,30000,2012,2nd owner,5000
Royal,Royal Enfield Thunderbird 350,120000,2017,2nd owner,9000
Hero,Hero Honda CD100SS,10000,1997,1st owner,646000
TVS,TVS Apache RTR 160,35000,2011,1st owner,25000
Royal,Royal Enfield Classic 350,140000,2016,1st owner,3654
Royal,Royal Enfield Himalayan,145000,2017,1st owner,14000
KTM,KTM 200 Duke,120000,2017,1st owner,4100
Royal,Royal Enfield Bullet 350 [2007-2011],65000,2011,2nd owner,65000
Bajaj,Bajaj Pulsar 150,8000,2005,1st owner,58000
Royal,Royal Enfield Thunderbird 350,85000,2010,1st owner,15000
Hero,Hero Passion Pro 110,39000,2013,1st owner,20000
Bajaj,Bajaj Pulsar 150,35000,2011,1st owner,35600
Royal,Royal Enfield Electra 5 S,85000,2008,1st owner,20000
Royal,Royal Enfield Interceptor 650,270000,2019,1st owner,9000
Royal,Royal Enfield Thunderbird 350,60000,2006,1st owner,40000
Hero,Hero Honda Splendor Plus,28000,2008,1st owner,70889
KTM,KTM 200 Duke,135000,2018,1st owner,24000
Royal,Royal Enfield Thunderbird 350,120000,2016,1st owner,24600
Hero,Hero Honda Splendor,10000,2000,1st owner,61000
TVS,TVS Apache RTR 160,83299,2019,1st owner,6400
Bajaj,Bajaj Pulsar 220 Fi,65000,2013,1st owner,6409
Hero,Hero Honda Karizma ZMR [2010],45000,2012,3rd owner,44000
Royal,Royal Enfield Bullet 350,110000,2015,1st owner,36000
Hero,Hero Honda CD Deluxe,14700,2005,2nd owner,30000
Suzuki,Suzuki Access 125,70000,2018,1st owner,14500
TVS,TVS Sport,35000,2018,1st owner,26600
Hero,Hero Honda Glamour,19000,2012,1st owner,32000
KTM,KTM 125 Duke,130000,2019,1st owner,3500
Bajaj,Bajaj Pulsar NS200,50000,2013,1st owner,58203
Bajaj,Bajaj Pulsar 150 [2001-2011],18000,2005,1st owner,21885
Hero,Hero Honda Splendor Plus,40000,2007,1st owner,40000
Bajaj,Bajaj Avenger Cruise 220,95000,2018,1st owner,1800
Bajaj,Bajaj Pulsar 150 [2001-2011],26500,2010,1st owner,52500
Bajaj,Bajaj Boxer,12000,2008,1st owner,17500
Bajaj,Bajaj Pulsar 150,20000,2006,1st owner,41000
Honda,Honda Shine,25000,2010,1st owner,20000
KTM,KTM 250 Duke,135000,2017,1st owner,16500
Royal,Royal Enfield Classic 350,135000,2017,1st owner,15000
Bajaj,Bajaj Super,20000,1988,1st owner,21000
Bajaj,Bajaj Pulsar 150,26000,2012,2nd owner,65000
Hero,Hero Honda CD Deluxe,24700,2012,2nd owner,40000
Hero,Hero Honda Passion PRO [2012],12000,2012,1st owner,90000
Royal,Royal Enfield Classic 350,150000,2017,1st owner,7000
Hero,Hero Honda CD100,15000,1999,2nd owner,10000
Hero,Hero Super Splendor,35000,2014,2nd owner,37541
Hero,Hero Honda Passion Plus,40000,2018,1st owner,29000
TVS,TVS Spectra,17000,2008,1st owner,50000
Hero,Hero Honda CD100,15000,2000,1st owner,50000
Bajaj,Bajaj Pulsar 220F,60000,2017,2nd owner,40000
Hero,Hero Splendor Plus,30000,2013,1st owner,20000
Bajaj,Bajaj Pulsar 150 [2001-2011],55000,2010,1st owner,42000
TVS,TVS Star City Plus,52000,2017,1st owner,25000
Bajaj,Bajaj Discover 135,12000,2007,1st owner,60000
Bajaj,Bajaj Platina 100,23000,2013,2nd owner,24000
Bajaj,Bajaj Pulsar 150,35000,2011,1st owner,36000
Bajaj,Bajaj Platina 100,20000,2012,1st owner,16295
Bajaj,Bajaj Pulsar 150,16000,2011,2nd owner,59000
Bajaj,Bajaj Pulsar 150,20000,2006,1st owner,9500
Bajaj,Bajaj Pulsar NS200,50000,2012,1st owner,46000
Hero,Hero Splendor Plus,12000,2007,1st owner,100000
Bajaj,Bajaj CT 100,40000,2018,1st owner,14000
Hero,Hero Honda Pleasure,25000,2009,1st owner,50000
Bajaj,Bajaj Platina 100,20000,2012,1st owner,16295
Hero,Hero Honda CD Deluxe,25000,2010,1st owner,35000
Bajaj,Bajaj Pulsar 150,22000,2011,1st owner,60000
TVS,TVS Apache RTR 160,40000,2014,2nd owner,50000
Bajaj,Bajaj Pulsar 220F,75000,2016,1st owner,10500
Hero,Hero Honda Passion PRO [2012],28000,2011,2nd owner,60000
Honda,Honda Dio,30000,2014,1st owner,24000
Bajaj,Bajaj Avenger Street 160,85000,2019,1st owner,3000
Hero,Hero Honda CD Deluxe,12000,2007,2nd owner,100000
Bajaj,Bajaj Pulsar 150,25000,2015,2nd owner,50000
Bajaj,Bajaj Pulsar 150,40000,2012,2nd owner,37000
Hero,Hero Honda CD Deluxe,15000,2011,1st owner,70000
TVS,TVS Excel,5000,1998,1st owner,60000
Honda,Honda Shine,40000,2015,1st owner,21121
Honda,Honda Dio,28000,2014,1st owner,13000
Hero,Hero Splendor Plus,35000,2013,1st owner,55000
Bajaj,Bajaj Xcd,25000,2007,2nd owner,100000
TVS,TVS Streak,20000,2009,2nd owner,36000
Yamaha,Yamaha YZF R15 [2011-2018],65000,2011,1st owner,29000
Yamaha,Yamaha RX135,65000,1998,3rd owner,16500
Honda,Honda Shine,37000,2014,1st owner,16145
Hero,Hero Honda Passion Plus,18000,2007,2nd owner,50000
Hero,Hero Honda Passion PRO [2012],28700,2012,2nd owner,49876
Bajaj,Bajaj Pulsar 180F,100000,2019,1st owner,1300
Hero,Hero Honda Glamour,21000,2010,1st owner,11000
Bajaj,Bajaj Pulsar 150 [2001-2011],30000,2010,2nd owner,55000
TVS,TVS Apache RTR 200 4V,90000,2019,1st owner,20000
Bajaj,Bajaj Super,6000,1991,1st owner,35000
Hero,Hero Honda Passion Plus,23500,2010,1st owner,60000
Bajaj,Bajaj Pulsar 150,55000,2015,2nd owner,40000
Hero,Hero Honda CD100,15000,1998,1st owner,65000
Bajaj,Bajaj Pulsar 220 DTS-i,40000,2011,1st owner,26000
Hero,Hero Honda Achiever,15000,2009,1st owner,86000
Hero,Hero Honda Karizma,40000,2011,2nd owner,340000
Bajaj,Bajaj Avenger Cruise 220,70000,2016,1st owner,10000
Bajaj,Bajaj Discover 135,22000,2007,1st owner,25000
Bajaj,Bajaj Pulsar 150,72000,2017,1st owner,24000
Hero,Hero HF Deluxe,30000,2014,2nd owner,35000
Aprilia,Aprilia SR 125,65000,2018,1st owner,6500
Bajaj,Bajaj Pulsar 150,68000,2019,1st owner,10000
Honda,Honda Shine,30000,2014,1st owner,25000
Hero,Hero Super Splendor,45000,2012,1st owner,21000
TVS,TVS Scooty Pep DLX,14500,2012,1st owner,44000
TVS,TVS Star City Plus,26000,2014,2nd owner,68000
Hero,Hero Honda Street Smart,10000,2000,1st owner,24000
TVS,TVS Apache RTR 160,50000,2017,1st owner,38000
Honda,Honda Dio,23000,2010,1st owner,40000
Hero,Hero Honda Splendor Plus,15000,2006,1st owner,100000
TVS,TVS Apache RTR 160,89999,2019,1st owner,6400
Hero,Hero Honda Splendor Plus,17600,2006,1st owner,52000
Bajaj,Bajaj Platina 100,17000,2007,1st owner,16000
Bajaj,Bajaj Pulsar 150 [2001-2011],35000,2010,1st owner,60000
Hero,Hero CD Deluxe,35000,2016,1st owner,38000
Hero,Hero Splendor Plus,25000,2015,1st owner,45000
Hero,Hero Honda Splendor Plus,10000,2007,1st owner,98000
TVS,TVS Apache RTR 160,70000,2018,1st owner,16000
Bajaj,Bajaj Pulsar 150,35000,2011,1st owner,50000
Hero,Hero Honda Passion Plus,20000,2006,1st owner,28000
Bajaj,Bajaj CT 100,8000,2005,2nd owner,82000
Bajaj,Bajaj Pulsar 220 DTS-i,65000,2013,1st owner,6409
Hero,Hero Honda Super Splendor [2005],20000,2008,1st owner,54000
TVS,TVS Apache RTR 160,15000,2009,3rd owner,880000
Honda,Honda Activa 125,45000,2017,1st owner,49000
Bajaj,Bajaj Pulsar 220F,50000,2011,2nd owner,55000
Bajaj,Bajaj Pulsar NS200,85000,2018,2nd owner,15100
Hero,Hero Honda Splendor,25000,2008,1st owner,38000
KTM,KTM RC 200,180000,2019,2nd owner,13800
Hero,Hero CBZ,35000,2010,1st owner,36000
Hero,Hero Honda Glamour,35000,2012,1st owner,30000
Hero,Hero Honda CBZ extreme,35000,2011,1st owner,35000
Suzuki,Suzuki Access 125,40000,2017,1st owner,15000
Bajaj,Bajaj Pulsar 150,30000,2010,1st owner,54000
Bajaj,Bajaj Pulsar NS160,80000,2018,1st owner,11000
Honda,Honda Shine,18000,2010,1st owner,15000
Hero,Hero Passion Pro 110,20000,2008,3rd owner,40000
Suzuki,Suzuki Access 125,20000,2012,1st owner,24000
TVS,TVS Jupiter,70000,2018,1st owner,14000
Hero,Hero Passion Pro 110,50000,2019,1st owner,29442
Honda,Honda Livo,25000,2015,1st owner,30000
Bajaj,Bajaj Pulsar 220F,110000,2019,1st owner,4000
TVS,TVS Apache RTR 160 4V,85009,2018,1st owner,7500
Hero,Hero Passion Pro 110,60000,2013,1st owner,15000
Bajaj,Bajaj Pulsar 150,25000,2013,2nd owner,70000
TVS,TVS Apache RTR 160 4V,75000,2019,1st owner,12657
Honda,Honda Shine,20000,2007,1st owner,80000
Suzuki,Suzuki Intruder 150,75000,2018,1st owner,10000
Bajaj,Bajaj Pulsar RS 200,105000,2017,1st owner,18345
Bajaj,Bajaj Discover 135,30000,2009,1st owner,20000
Hero,Hero Honda CBZ,10000,2000,3rd owner,48000
Hero,Hero Honda Passion PRO [2012],25000,2012,2nd owner,20000
Bajaj,Bajaj Xcd,15000,2008,1st owner,100000
Bajaj,Bajaj Pulsar NS160,70000,2018,1st owner,20000
Yamaha,Yamaha RXG,25000,1997,1st owner,45354
TVS,TVS Streak,10000,2009,1st owner,100000
Bajaj,Bajaj Pulsar RS 200,80000,2015,1st owner,32000
Honda,Honda Livo,35000,2016,1st owner,70000
Royal,Royal Enfield Classic 350,135000,2017,1st owner,2700
Bajaj,Bajaj CT 100,30000,2016,1st owner,38500
Bajaj,Bajaj CT 100,42000,2019,1st owner,2900
TVS,TVS Star City Plus,50000,2016,2nd owner,14000
Royal,Royal Enfield Electra 4 S,80000,2013,1st owner,46000
KTM,KTM 200 Duke,130000,2016,1st owner,12000
Bajaj,Bajaj Pulsar 220F,120000,2019,1st owner,6500
Honda,Honda Shine,30000,2014,1st owner,40000
Honda,Honda Livo,45000,2018,1st owner,10000
Honda,Honda Activa 125,30000,2014,1st owner,20000
TVS,TVS Victor GLX,18000,2005,1st owner,11000
Bajaj,Bajaj Pulsar NS200,85000,2018,1st owner,17500
Bajaj,Bajaj Platina 100,40000,2018,1st owner,17500
TVS,TVS Sport,34000,2018,1st owner,25000
Hero,Hero Honda Passion Plus,8000,2003,1st owner,53500
Honda,Honda Dio,50000,2016,1st owner,8000
Hero,Hero Honda Splendor Plus,20000,2006,1st owner,75000
Bajaj,Bajaj Pulsar 150,50000,2012,1st owner,28000
Bajaj,Bajaj Discover 135,37000,2008,1st owner,62000
Honda,Honda Livo,69000,2018,1st owner,12000
Hero,Hero Honda Splendor NXG,28000,2012,1st owner,49999
Royal,Royal Enfield Thunderbird 350,135000,2016,1st owner,4500
Bajaj,Bajaj Xcd,20000,2009,1st owner,16000
Bajaj,Bajaj Avenger Street 160,80000,2019,1st owner,5000
Royal,Royal Enfield Electra 5 S,99000,2006,2nd owner,36000
TVS,TVS Apache RTR 200 4V,90000,2018,1st owner,70000
Hero,Hero Honda Splendor Plus,20000,2005,1st owner,27370
TVS,TVS Victor GLX,27000,2002,1st owner,49000
Honda,Honda Grazia,60000,2018,1st owner,16000
Bajaj,Bajaj Pulsar 150 [2001-2011],12000,2007,2nd owner,100000
Hero,Hero Super Splendor,40000,2013,1st owner,68000
Hero,Hero Honda Passion Plus,25000,2007,1st owner,70000
Hero,Hero Splendor Plus,25000,2006,2nd owner,40000
Bajaj,Bajaj Discover 135,25000,2010,1st owner,55000
Hero,Hero Honda Splendor,10000,2006,1st owner,75000
Hero,Hero Honda CD Deluxe,25000,2008,3rd owner,65000
Royal,Royal Enfield Electra Twinspark,120000,2016,1st owner,345000
TVS,TVS Apache [2006],15000,2006,1st owner,40000
TVS,TVS Apache RTR 200 4V,125000,2019,1st owner,3000
Hero,Hero Honda CBZ extreme,35000,2011,1st owner,28000
Bajaj,Bajaj Pulsar 150,75000,2017,1st owner,30000
Bajaj,Bajaj Platina 100,25000,2013,1st owner,30000
Suzuki,Suzuki SlingShot,24000,2011,1st owner,17000
TVS,TVS Apache RTR 160,70000,2018,1st owner,17000
Yamaha,Yamaha Gladiator,15000,2009,1st owner,46000
Hero,Hero Honda Glamour,45000,2012,1st owner,75000
Royal,Royal Enfield Thunderbird 350,100000,2012,1st owner,28000
Royal,Royal Enfield Classic 350,100000,2014,1st owner,19000
Bajaj,Bajaj Pulsar 150,60000,2017,1st owner,28450
Royal,Royal Enfield Electra Twinspark,100000,2014,1st owner,31500
Bajaj,Bajaj Pulsar 150,40000,2016,1st owner,28000
Bajaj,Bajaj Pulsar 150,21000,2007,1st owner,100000
Hero,Hero HF Deluxe,40000,2018,1st owner,16000
Bajaj,Bajaj Avenger Cruise 220,75000,2016,1st owner,10950
Honda,Honda Dio,45000,2017,1st owner,35850
Royal,Royal Enfield Bullet 350 [2007-2011],60000,2001,2nd owner,4000
Royal,Royal Enfield Classic 350,130000,2018,2nd owner,35000
Hero,Hero CBZ,40000,2014,1st owner,35000
Hero,Hero Splendor Plus,65000,2018,1st owner,7500
TVS,TVS Apache RTR 160 4V,105000,2019,1st owner,6000
Royal,Royal Enfield Classic 350,120000,2017,1st owner,7199
Hero,Hero Super Splendor,50000,2017,1st owner,9999
Hero,Hero Honda CBZ extreme,25000,2007,1st owner,80000
Honda,Honda Shine,37000,2016,1st owner,45000
Royal,Royal Enfield Himalayan,119000,2016,1st owner,19800
Royal,Royal Enfield Classic 350,130000,1993,2nd owner,10000
Hero,Hero Honda Passion Plus,22000,2008,2nd owner,85000
Hero,Hero Honda Splendor Plus,15000,2007,1st owner,70000
KTM,KTM RC 200,150000,2017,1st owner,20000
Royal,Royal Enfield Bullet 350 [2007-2011],150000,1995,3rd owner,20000
Bajaj,Bajaj Pulsar 220F,45000,2011,1st owner,40000
Honda,Honda Shine,30000,2013,1st owner,93000
Bajaj,Bajaj Pulsar 150 [2001-2011],22000,2011,1st owner,36000
Bajaj,Bajaj CT 100,25000,2017,1st owner,45000
Hero,Hero CD Dawn,10000,2005,1st owner,48000
Honda,Honda Shine,42000,2017,1st owner,25000
TVS,TVS Max DLX,26000,2002,2nd owner,28000
Honda,Honda Dio,60000,2018,1st owner,11000
Royal,Royal Enfield Thunderbird 350,120000,2015,1st owner,10000
Royal,Royal Enfield Thunderbird 350,59000,2005,2nd owner,40000
KTM,KTM 390 Duke,205000,2018,1st owner,7500
Bajaj,Bajaj Pulsar 150,35000,2011,1st owner,12000
KTM,KTM RC 200,185000,2019,1st owner,6000
Bajaj,Bajaj Pulsar 150,35000,2009,1st owner,14500
Bajaj,Bajaj Pulsar 150 [2001-2011],35000,2008,1st owner,70000
Hero,Hero Honda Passion Plus,25000,2008,2nd owner,100000
Hero,Hero Honda Splendor Plus,20000,2004,2nd owner,127000
Hero,Hero Honda Splendor Plus,20000,2010,2nd owner,30000
Hero,Hero Super Splendor,30000,2011,1st owner,89000
Hero,Hero Super Splendor,40000,2017,2nd owner,80000
Honda,Honda Shine,40000,2011,1st owner,8600
Hero,Hero Honda Hunk,45000,2013,1st owner,40000
Bajaj,Bajaj Pulsar 150,70000,2017,1st owner,24000
Hero,Hero Honda Splendor Plus,25000,2012,1st owner,70000
Hero,Hero CD Dawn,35000,2014,1st owner,38000
Hero,Hero Honda CD Deluxe,25500,2012,1st owner,28990
Hero,Hero Honda Hunk,35000,2010,1st owner,13000
Hero,Hero Honda CD Deluxe,20000,2005,1st owner,15000
Bajaj,Bajaj Pulsar 150 [2001-2011],30000,2008,1st owner,19500
Hero,Hero Honda CBZ extreme,30000,2011,3rd owner,70000
Bajaj,Bajaj Pulsar 150,40000,2014,2nd owner,65000
Honda,Honda Livo,45000,2017,1st owner,30000
Hero,Hero Honda Hunk,40000,2010,1st owner,41000
Hero,Hero HF Deluxe,35000,2018,1st owner,15000
Bajaj,Bajaj Boxer,15000,2004,1st owner,18000
Royal,Royal Enfield Electra 5 S,99000,2012,1st owner,28000
Royal,Royal Enfield Electra 5 S,90000,2012,1st owner,40000
Hero,Hero Honda Hunk,20000,2010,1st owner,17000
Bajaj,Bajaj Pulsar 220 DTS-i,60000,2014,1st owner,16000
Hero,Hero Honda CBZ extreme,40000,2009,1st owner,50000
Hero,Hero Honda CBZ extreme,35000,2012,1st owner,60000
